MariaDB [test_db]> SELECT * FROM m_users RIGHT JOIN m_profiles ON m_users.id = m_profiles.id;
+------+---------------+------------------------+----------+---------------------+---------------------+----+------------+--------------+-----+----------------+-------+-----+---------------------+---------------------+
| id   | user_name     | mail_address           | password | created             | modified            | id | name       | kana         | age | profile        | place | sex | created             | modified            |
+------+---------------+------------------------+----------+---------------------+---------------------+----+------------+--------------+-----+----------------+-------+-----+---------------------+---------------------+
|    1 | Yamada Tarou  | Yamada_Tarou@gmail.com | 123123   | 2023-06-20 21:07:49 | 2023-06-20 21:07:49 |  1 | 山田　太郎       | ヤマダタロウ         |  21 | プロフィール１          |    20 |   1 | 2023-06-21 22:52:50 | 2023-06-21 22:52:50 |
|    2 | Suzuki Hanako | yamda@gmail.com        | 123123   | 2023-06-20 21:08:23 | 2023-06-20 21:08:23 |  2 | 鈴木　花子       | スズキハナコ       |  33 | プロフィール２          |    30 |   2 | 2023-06-21 22:52:50 | 2023-06-21 22:52:50 |
|    3 | Suzuki Ichiro | suzuki@gmail.com       | 123123   | 2023-06-20 21:08:23 | 2023-06-20 21:08:23 |  3 | 佐藤　治郎         | サトウジロウ        |  23 | プロフィ ール３          |    35 |   1 | 2023-06-21 22:52:50 | 2023-06-21 22:52:50 |
+------+---------------+------------------------+----------+---------------------+---------------------+----+------------+--------------+-----+----------------+-------+-----+---------------------+---------------------+
3 rows in set (0.000 sec)

MariaDB [test_db]> SELECT * FROM m_users LEFT JOIN m_profiles ON m_users.id = m_profiles.id;
+----+---------------+------------------------+----------+---------------------+---------------------+------+------------+--------------+------+----------------+-------+------+---------------------+---------------------+
| id | user_name     | mail_address           | password | created             | modified            | id   | name       | kana         | age  | profile        | place | sex  | created             | modified            |
+----+---------------+------------------------+----------+---------------------+---------------------+------+------------+--------------+------+----------------+-------+------+---------------------+---------------------+
|  1 | Yamada Tarou  | Yamada_Tarou@gmail.com | 123123   | 2023-06-20 21:07:49 | 2023-06-20 21:07:49 |    1 | 山田　太郎       | ヤマダタロウ         |   21 | プロフィ ール１          |    20 |    1 | 2023-06-21 22:52:50 | 2023-06-21 22:52:50 |
|  2 | Suzuki Hanako | yamda@gmail.com        | 123123   | 2023-06-20 21:08:23 | 2023-06-20 21:08:23 |    2 | 鈴木　花子       | スズキハナコ       |   33 | プロフィー ル２          |    30 |    2 | 2023-06-21 22:52:50 | 2023-06-21 22:52:50 |
|  3 | Suzuki Ichiro | suzuki@gmail.com       | 123123   | 2023-06-20 21:08:23 | 2023-06-20 21:08:23 |    3 | 佐藤　治郎         | サトウジロウ        |   23 | プロフィール３          |    35 |    1 | 2023-06-21 22:52:50 | 2023-06-21 22:52:50 |
|  4 | Sato   Jiro   | sato@gmail.com         | 123123   | 2023-06-20 21:08:23 | 2023-06-20 21:08:23 | NULL | NULL       | NULL         | NULL | NULL           |  NULL | NULL | NULL                | NULL                |
|  5 | Yamada Taro   | yamda@gmail.com        | 123123   | 2023-06-21 21:55:42 | 2023-06-21 21:55:42 | NULL | NULL       | NULL         | NULL | NULL           |  NULL | NULL | NULL                | NULL                |
|  6 | Yamada Taro   | yamda@gmail.com        | 123123   | 2023-06-21 21:56:20 | 2023-06-21 21:56:20 | NULL | NULL       | NULL         | NULL | NULL           |  NULL | NULL | NULL                | NULL                |
|  7 | Suzuki Ichiro | suzuki@gmail.com       | 123123   | 2023-06-21 21:56:20 | 2023-06-21 21:56:20 | NULL | NULL       | NULL         | NULL | NULL           |  NULL | NULL | NULL                | NULL                |
|  8 | Sato   Jiro   | sato@gmail.com         | 123123   | 2023-06-21 21:56:20 | 2023-06-21 21:56:20 | NULL | NULL       | NULL         | NULL | NULL           |  NULL | NULL | NULL                | NULL                |
+----+---------------+------------------------+----------+---------------------+---------------------+------+------------+--------------+------+----------------+-------+------+---------------------+---------------------+
8 rows in set (0.000 sec)